Streams,Song Titles
128.995177,Drama
113.949561,Spicy
205.803984,Savage
62.446537,Better Things
92.609838,Hold on Tight
231.268394,Next Level
224.649121,Black Mamba
141.250839,Illusion
107.821954,Girls
67.39518,Lucid Dream